{"cameraMode":{"drawMode":0,"name":"Shaded","section":"Shading Mode"},"sceneLighting":true,"audioPlay":false,"sceneViewState":{"m_AlwaysRefresh":false,"showFog":true,"showSkybox":true,"showFlares":true,"showImageEffects":true,"showParticleSystems":true,"showVisualEffectGraphs":true,"m_FxEnabled":true},"in2DMode":false,"pivot":{"x":419.7868957519531,"y":99.28299713134766,"z":61.571495056152347},"rotation":{"x":-0.016808543354272844,"y":-0.00540196755900979,"z":0.00009085921919904649,"w":-0.9998451471328735},"size":5.066025733947754,"orthographic":false}